item_id,value
id_0,7.477094836098278
id_1,12.42952240027731
id_2,12.277535465440758
id_3,8.940956047814547
id_4,6.538434650756626
id_5,12.204493654883978
id_6,17.007168910366225
id_7,12.902364323835856
id_8,6.222787751242043
id_9,12.331875731786889
id_10,12.901033271677113
id_11,20.173546819674392
id_12,5.193382709214301
id_13,17.095367137660176
id_14,14.08122322447159
id_15,4.8738330892548145
id_16,19.176633968747755
id_17,31.215815426016356
id_18,23.750077215180422
id_19,24.852683582632764
id_20,5.649778835551722
id_21,20.60793389053092
id_22,20.743780382247554
id_23,7.93143921691682
id_24,19.78487129917243
id_25,11.986914996774372
id_26,33.06379973938921
id_27,16.019133578300178
id_28,10.10933834988233
id_29,14.885001027622788
id_30,18.274906965190496
id_31,5.508609890525493
id_32,4.336872347979147
id_33,8.770017424759873
id_34,9.925600285960583
id_35,6.525920825370111
id_36,16.661418926996543
id_37,12.279710486640504
id_38,7.203233340950032
id_39,32.58106490563773
id_40,5.273396892207069
id_41,7.0809347141166015
id_42,5.230875848082066
id_43,7.009255663041829
id_44,10.284845179165238
id_45,9.36300012326205
id_46,18.078484276207682
id_47,18.40880597440583
id_48,20.790988269422606
id_49,38.36459120296907
id_50,9.724751161454213
id_51,11.932082258794066
id_52,14.647138816800346
id_53,16.562414687013042
id_54,7.245174368869209
id_55,10.193292929087317
id_56,19.38099501873208
id_57,11.415075883031541
id_58,13.091015144157529
id_59,7.263970103484602
id_60,10.867408189586882
id_61,18.220835800399392
id_62,12.09023188167681
id_63,15.86396427093544
id_64,6.944458694369531
id_65,4.1978795887730005
id_66,18.787053298277456
id_67,7.160437651978398
id_68,13.10557714517942
id_69,17.321138691845004
id_70,15.139161090524395
id_71,16.084335531080455
id_72,4.693155517040664
id_73,20.91273201670928
id_74,13.04634414089466
id_75,14.175965428069812
id_76,14.088855777537349
id_77,6.708724969552096
id_78,21.751373661382402
id_79,12.124425125471761
id_80,6.690176263929624
id_81,22.05572112673022
id_82,8.640576802739787
id_83,11.417087855835561
id_84,11.03210388302699
id_85,9.831296942534824
id_86,18.472510193731306
id_87,12.316848403668898
id_88,15.1551496424162
id_89,18.450437657494135
id_90,13.418774842848462
id_91,7.332556562935384
id_92,28.16924486601833
id_93,22.88328271435033
id_94,6.796827557721395
id_95,9.375388533702708
id_96,23.7148568093386
id_97,16.714067760518184
id_98,9.02187966963569
id_99,12.05876101606089
id_100,10.677360450804189
id_101,10.795001014389355
id_102,20.156737126446085
id_103,31.439134394142716
id_104,16.406968124250987
id_105,21.411126119506587
id_106,15.692792186238867
id_107,13.48557141698811
id_108,53.56900046643318
id_109,8.150576585367567
id_110,6.6932882413132155
id_111,8.146094883243357
id_112,27.28951927009426
id_113,21.869720637797567
id_114,8.363294237815946
id_115,5.784101903948251
id_116,13.24169960984623
id_117,28.455034344201668
id_118,18.056107896180404
id_119,14.447853096922195
id_120,17.941637959969405
id_121,5.345148967312706
id_122,14.37981156826367
id_123,9.31288775404346
id_124,12.331688192522243
id_125,10.205901496662108
id_126,12.335796060260725
id_127,23.36404580909409
id_128,19.02334574707867
id_129,13.443718990686763
id_130,14.486009704327158
id_131,9.698173573689143
id_132,20.58409423136821
id_133,26.816596052128443
id_134,10.770192734302181
id_135,11.520137212156285
id_136,10.266402494737566
id_137,8.590743041339115
id_138,14.469516272979652
id_139,33.79136211978135
id_140,7.696456394549622
id_141,8.29933672300472
id_142,15.979400110813792
id_143,12.551567993704293
id_144,17.24918235948391
id_145,7.803321210406121
id_146,15.419765826695107
id_147,20.72327980529642
id_148,9.859472666286177
id_149,17.77189937141914
id_150,15.270791862057333
id_151,22.22913443126287
id_152,10.238966652276014
id_153,29.89130222928556
id_154,5.613055369470721
id_155,18.27734222696816
id_156,18.44719556003333
id_157,9.541741035452294
id_158,6.710021842553844
id_159,12.794923196779227
id_160,18.570425842652675
id_161,15.802102873806188
id_162,10.095941378820928
id_163,6.137841951401264
id_164,14.821295328515228
id_165,4.136345475580114
id_166,7.309163965787362
id_167,21.000041625760197
id_168,9.312804200331822
id_169,5.224357441802418
id_170,14.212432584946443
id_171,12.443070896035815
id_172,13.53895238857494
id_173,19.9427539625434
id_174,5.952300221419625
id_175,7.773811711918837
id_176,7.159073429882822
id_177,26.373907806746253
id_178,20.36885593583558
id_179,6.838493171921348
id_180,11.309975881125007
id_181,24.607814108584197
id_182,18.792567191428088
id_183,14.48993189571069
id_184,19.55124642555888
id_185,22.249747066739907
id_186,9.123623236938178
id_187,13.37045633992227
id_188,9.456857825514767
id_189,17.730660773166164
id_190,11.296111257760362
id_191,17.878393555874666
id_192,9.816403249150378
id_193,63.56866290826858
id_194,24.24546255802529
id_195,4.511127532190478
id_196,35.66699112592785
id_197,4.666134492008593
id_198,6.3762211522399745
id_199,6.666358950109854
id_200,10.464158371590482
id_201,3.1673402367652908
id_202,4.0894720820450425
id_203,13.487314914986207
id_204,6.245458485610112
id_205,14.419939527331591
id_206,8.269392091091829
id_207,9.253389174222358
id_208,18.314599519112406
id_209,10.027653106513192
id_210,25.600636923875186
id_211,14.1831774600325
id_212,42.87097947561012
id_213,16.273316218732088
id_214,16.35880968744944
id_215,15.908681089322169
id_216,8.471459276335313
id_217,8.965252831174023
id_218,11.71416562302963
id_219,17.36261296423091
id_220,7.492354034650545
id_221,12.377920065026903
id_222,8.729201328167354
id_223,8.82747306313779
id_224,7.2943250037387735
id_225,15.516881510245623
id_226,20.00905206809273
id_227,22.80463348221378
id_228,11.44208436582297
id_229,6.697385640856046
id_230,11.64887652684897
id_231,10.005173871822382
id_232,9.660430212582916
id_233,10.649132084397213
id_234,21.67589596590242
id_235,8.975380210772741
id_236,17.266162541606406
id_237,8.553460079011469
id_238,10.594071615254258
id_239,12.428832946411829
id_240,10.302398937783781
id_241,16.264317202204364
id_242,12.56920887957641
id_243,10.62332182022718
id_244,10.030769085949972
id_245,11.128012108076618
id_246,10.602484672116505
id_247,8.14261632367566
id_248,11.751203992213444
id_249,3.450150719593369
id_250,18.925198512858067
id_251,5.4008744672989115
id_252,6.810748404592796
id_253,9.85143014712574
id_254,8.234710389323194
id_255,16.15543639620954
id_256,14.313125739518936
id_257,18.070870786513595
id_258,13.538518979274775
id_259,15.3117342428489
id_260,12.993993494498223
id_261,3.1059624627259046
id_262,20.48425977319297
id_263,16.791265347620556
id_264,12.10802499044368
id_265,6.697753663721356
id_266,6.579106427902107
id_267,7.528827910249753
id_268,16.006923000637094
id_269,15.644639760464717
id_270,5.685811535312167
id_271,6.034146871579502
id_272,14.757151096526488
id_273,11.374200374081642
id_274,11.329308628977497
id_275,21.191891638947915
id_276,16.73973401101299
id_277,10.49181320875364
id_278,10.194223828741187
id_279,5.8587489821517735
id_280,12.063985526705078
id_281,15.625016526805961
id_282,15.688951712777396
id_283,1.8962184518390992
id_284,1.3227188753394339
id_285,10.024256760340842
id_286,8.942918357008349
id_287,19.3578756602819
id_288,6.526074613478055
id_289,14.357703398956675
id_290,9.524507846274306
id_291,25.377759084389925
id_292,8.30066464434071
id_293,10.808946292337492
id_294,29.270269369623925
id_295,40.5876956952178
id_296,30.194216065729037
id_297,14.269412967181326
id_298,7.21584817596459
id_299,13.742295003487177
id_300,15.460966375795525
id_301,9.045397391376964
id_302,16.83586546746544
id_303,31.888223735291508
id_304,13.356812097866204
id_305,14.151150162795492
id_306,18.75626992351938
id_307,9.940537501125362
id_308,24.90883856762939
id_309,19.992852662101164
id_310,22.775916742759133
id_311,31.849484680845407
id_312,24.68806995335369
id_313,5.312333640232424
id_314,10.824361908489731
id_315,14.641553135203553
id_316,20.15418574226407
id_317,19.263031944756413
id_318,10.937730444254179
id_319,17.327831035217034
id_320,17.79985506573513
id_321,5.122744040683839
id_322,19.659346592038403
id_323,3.477279312480145
id_324,11.795210480087553
id_325,12.301063973240435
id_326,33.02138560343204
id_327,10.846590271427596
id_328,6.904796384470203
id_329,21.911146825654445
id_330,14.875793235574516
id_331,16.884685817756715
id_332,36.89675733723311
id_333,10.269139545429068
id_334,4.758375745221138
id_335,7.817454529963265
id_336,11.623575262557283
id_337,13.5085823562153
id_338,8.774736498523042
id_339,17.787574588865596
id_340,18.81972457866614
id_341,9.311060751052056
id_342,10.417163348217816
id_343,9.817536153298608
id_344,20.161302526610463
id_345,17.163609340586632
id_346,10.837796533099333
id_347,12.440906606185406
id_348,12.41664310982302
id_349,7.361245856777736
id_350,6.375580182070814
id_351,13.420807972154094
id_352,55.54675400835626
id_353,12.305547486527283
id_354,18.605158259575916
id_355,13.976835433085181
id_356,15.205368626945827
id_357,32.4417434567205
id_358,11.750677641623104
id_359,9.638034534460534
id_360,9.373820901244402
id_361,11.016976982850574
id_362,2.929336399094602
id_363,8.591211920467071
id_364,13.724820946938648
id_365,15.121879103051931
id_366,4.587768886490632
id_367,8.232670253923402
id_368,9.453213679228563
id_369,3.373207036848532
id_370,29.617767002200264
id_371,11.53494145486814
id_372,5.643368352163032
id_373,16.367441005863096
id_374,5.945963645628675
id_375,25.01417618561564
id_376,15.1256870303034
id_377,12.511937347661975
id_378,9.643171309332873
id_379,9.921371875932067
id_380,7.818371469575623
id_381,15.625989611809416
id_382,5.254816482084443
id_383,11.761066962942614
id_384,25.731443120783617
id_385,11.43866184925297
id_386,15.79518924721704
id_387,6.074963629412587
id_388,23.684454070673098
id_389,2.8598882866435638
id_390,8.527047346670049
id_391,14.484184400159156
id_392,13.531415953343398
id_393,6.371121860145898
id_394,22.0407447388762
id_395,10.058780724677558
id_396,15.882762897587925
id_397,18.763413266589723
id_398,15.311828380317769
id_399,9.222283803865075
id_400,2.9476450295139367
id_401,8.644916405089104
id_402,13.726562931372158
id_403,3.7326127747374405
id_404,10.487148936470241
id_405,15.054893482225811
id_406,8.87313454732168
id_407,34.5863612650522
id_408,6.006931398334977
id_409,31.09776385894695
id_410,21.45156580544635
id_411,8.266469876526322
id_412,6.236055695827886
id_413,13.569475565319912
id_414,11.041122080003241
id_415,9.425318482106789
id_416,12.733087632618885
id_417,8.978898989706787
id_418,10.070501175611398
id_419,10.174562619272074
id_420,9.430577181468548
id_421,16.860819792451025
id_422,9.819276553809448
id_423,7.379165252339497
id_424,22.694975385987245
id_425,16.015556153452962
id_426,7.568752079796389
id_427,9.879874312051777
id_428,14.989828814865813
id_429,13.69147983500735
id_430,8.77784768824492
id_431,6.937133082313357
id_432,9.28617066357707
id_433,8.51336977861698
id_434,14.633218867523636
id_435,5.436018706082555
id_436,10.394214351351984
id_437,11.840006084620434
id_438,19.054608610189973
id_439,4.800344172478803
id_440,10.035454562818982
id_441,7.06630021983738
id_442,25.67943522018186
id_443,4.128213387388556
id_444,9.0687975733562
id_445,13.261319742187379
id_446,12.862563963124984
id_447,10.25127383147024
id_448,14.264389789045921
id_449,15.11107926819627
id_450,3.9218059182815423
id_451,28.31691560431809
id_452,9.527569675480443
id_453,4.2168576762966765
id_454,16.357024955526917
id_455,6.983045087428681
id_456,17.188757464843228
id_457,11.122079528662722
id_458,26.79533387306947
id_459,7.079973427388316
id_460,12.772333446206359
id_461,14.347017590727232
id_462,7.174851408288437
id_463,8.444054155241684
id_464,25.860722749514167
id_465,7.2939215675803135
id_466,7.882388630856116
id_467,6.17027678670309
id_468,37.96988508477075
id_469,22.67690752602285
id_470,12.006276851941399
id_471,21.998432062211883
id_472,13.147266284456267
id_473,11.102586735509462
id_474,12.967886118869934
id_475,8.540800855930799
id_476,10.395898110768321
id_477,8.926299236504846
id_478,9.714704245375263
id_479,42.75567201918925
id_480,6.234324167350983
id_481,9.494555645667532
id_482,10.155735555218307
id_483,34.7477675759909
id_484,6.636360882799921
id_485,8.378203765338966
id_486,28.73417709346153
id_487,17.82190602719289
id_488,6.312250110012223
id_489,24.71471917246139
id_490,23.246363267555402
id_491,6.236104700795113
id_492,5.845174858642148
id_493,11.733710744937246
id_494,9.163326057509508
id_495,11.972260456588067
id_496,18.245183479423943
id_497,14.112393268522673
id_498,9.343467439626512
id_499,11.706039002530861
id_500,7.240633215209683
id_501,10.467480284084841
id_502,6.830202325644663
id_503,14.118237808108162
id_504,26.77407955785992
id_505,10.45867330458998
id_506,15.733425611702113
id_507,15.754275899045078
id_508,12.506494762967797
id_509,22.14171454049117
id_510,32.19464605526453
id_511,7.913605715176379
id_512,40.02808060057564
id_513,38.74219916010269
id_514,4.834833833694111
id_515,2.3189997103902282
id_516,6.519952921829912
id_517,14.667021882100313
id_518,12.444863943458381
id_519,55.59392933233862
id_520,14.341531195759071
id_521,12.355278506762623
id_522,6.718884309364397
id_523,7.396764967173578
id_524,12.137383961703321
id_525,3.311512852303553
id_526,6.149727210069403
id_527,25.20833565389287
id_528,8.763242809779767
id_529,5.539434693561742
id_530,16.497858709237747
id_531,6.332229197915661
id_532,25.824978214434367
id_533,9.353493772262468
id_534,27.34867188171125
id_535,31.57616676521547
id_536,11.420592459960842
id_537,9.134100881044937
id_538,7.378025594180491
id_539,15.073162675636906
id_540,7.316486910456675
id_541,5.0953947148989
id_542,17.331419881224555
id_543,8.72775085812028
id_544,10.429387916016497
id_545,15.80268586838056
id_546,8.248343366321164
id_547,12.226822076723916
id_548,18.9981558969951
id_549,14.048605550075939
id_550,13.390276359842371
id_551,21.390174457851323
id_552,17.48618397819456
id_553,8.020504563249858
id_554,5.44106968945697
id_555,16.59498762206633
id_556,7.131788154922187
id_557,2.7616315940258964
id_558,18.819169115530208
id_559,7.455055021110959
id_560,8.55611872256204
id_561,21.957199674251772
id_562,14.256092979875538
id_563,16.061194788659613
id_564,9.066249624435413
id_565,5.0269949646838334
id_566,25.959233727668327
id_567,25.338411304030835
id_568,7.575995855607915
id_569,24.302909489678637
id_570,9.804956841005719
id_571,14.751182644857959
id_572,14.158082882519695
id_573,10.6124650853658
id_574,20.61155618595838
id_575,17.32187235958733
id_576,21.8757064688596
id_577,10.749986283141563
id_578,6.372310752567335
id_579,21.48189895198361
id_580,14.488780470665438
id_581,32.87708353626192
id_582,131.7770669667418
id_583,10.204754664397846
id_584,10.824894961635023
id_585,17.33708285257616
id_586,12.796018378229443
id_587,9.404209231589428
id_588,13.192520554976628
id_589,14.525284564412162
id_590,19.65433655234113
id_591,7.662093258260343
id_592,3.8953648840757964
id_593,35.17268239109539
id_594,7.612696217281041
id_595,10.511766362566476
id_596,15.55122990080703
id_597,17.447076386636397
id_598,11.581534343009785
id_599,23.25924731876856
id_600,17.657288240504762
id_601,22.924060518178436
id_602,9.519490484553657
id_603,12.637950243148191
id_604,22.411951635074523
id_605,15.73948403136739
id_606,18.526658090826754
id_607,13.247224133134026
id_608,18.77863436213601
id_609,39.0185144702631
id_610,14.180554627881179
id_611,12.280099810762199
id_612,21.45954965310562
id_613,2.006927184720045
id_614,8.045587157367756
id_615,15.46298289677474
id_616,22.18338954205327
id_617,12.794614129600793
id_618,13.924084494388579
id_619,10.955288726310116
id_620,29.946705341593074
id_621,15.893741118787366
id_622,16.741607958308087
id_623,17.265431132624684
id_624,20.926104619702457
id_625,14.666904654616514
id_626,7.056881752832881
id_627,5.855334229083108
id_628,38.678067429020764
id_629,24.85199714915641
id_630,24.848535397905938
id_631,14.601194467390414
id_632,16.64120973061216
id_633,14.11213744469189
id_634,9.194219202527385
id_635,29.092920635355345
id_636,26.683399354451815
id_637,7.689757227213825
id_638,22.763852231147627
id_639,25.661520259769087
id_640,5.007432972211012
id_641,16.36598886711934
id_642,22.204858206125113
id_643,9.176503588502218
id_644,12.94409774635658
id_645,8.806195363182125
id_646,20.22261273715284
id_647,22.329004280942605
id_648,7.230428713641292
id_649,25.93933254436268
id_650,13.901753942315612
id_651,16.616381680691866
id_652,25.72197468716648
id_653,20.121531894603987
id_654,25.003351444782624
id_655,7.358120331511015
id_656,8.7088343758997
id_657,26.075024471788016
id_658,10.049666464832985
id_659,34.502989893494316
id_660,23.053614539270175
id_661,15.05791057194024
id_662,6.075497816115736
id_663,5.7232895137219915
id_664,9.050072895877996
id_665,18.39090218885375
id_666,7.191424953117517
id_667,15.068255061122782
id_668,8.541689338099232
id_669,16.44073919707019
id_670,17.806381827200266
id_671,10.736482589946704
id_672,4.302649681156288
id_673,10.750153583721502
id_674,8.484286818403023
id_675,7.850520737387146
id_676,8.504872338309562
id_677,14.241499445220555
id_678,4.495325752959466
id_679,9.49480476959614
id_680,15.24372817811815
id_681,11.572982728336346
id_682,15.887538826254922
id_683,26.3328009040876
id_684,27.502814971654043
id_685,14.315131828787532
id_686,20.03031059158027
id_687,6.767104141663018
id_688,6.617855688878087
id_689,13.681713274860488
id_690,18.20540228253116
id_691,13.087856255945853
id_692,18.20750554430923
id_693,9.246328372968978
id_694,14.078621878511477
id_695,24.419395665284362
id_696,16.189255382640045
id_697,16.80533236185852
id_698,12.613369802966295
id_699,9.461764725432587
id_700,15.00108735136837
id_701,32.91678318520221
id_702,8.112655707084041
id_703,20.411745583092664
id_704,15.980217617553215
id_705,5.104698171171798
id_706,11.153718454169084
id_707,7.359535919281093
id_708,10.633737234247075
id_709,12.903425919627733
id_710,8.594639285708471
id_711,13.806115464355482
id_712,14.479678828553599
id_713,10.260700767043204
id_714,1.8542193714708555
id_715,10.460632588060786
id_716,19.913227405374098
id_717,8.86070579547338
id_718,9.970904228140535
id_719,16.123833044659648
id_720,80.00638167620477
id_721,4.133341057736468
id_722,13.572138411851583
id_723,13.710336496066795
id_724,13.376964857557516
id_725,27.391800960058987
id_726,11.513143492369704
id_727,7.426892844164934
id_728,30.796041230050367
id_729,13.612949453943678
id_730,6.027249608494384
id_731,20.067244156355514
id_732,14.672925459667876
id_733,8.184604024011746
id_734,6.155495339769191
id_735,11.063315977486047
id_736,37.13904394957124
id_737,9.68497606145498
id_738,4.1920664412076665
id_739,21.663774891102555
id_740,42.91858678527484
id_741,16.467550633289807
id_742,14.699532508686277
id_743,13.88558772079659
id_744,11.84947904238661
id_745,9.394894869356209
id_746,5.7405797293918965
id_747,11.458072081308046
id_748,15.816067322567008
id_749,26.912868732739348
id_750,21.85354655120262
id_751,9.002954895998554
id_752,15.649685113830284
id_753,21.410680647951054
id_754,13.319285370847394
id_755,9.934315500412069
id_756,9.59581675035476
id_757,9.741983969807446
id_758,45.5261766450306
id_759,9.569891108297192
id_760,6.703058692843575
id_761,10.701658860319991
id_762,11.502765090576938
id_763,11.731087249202456
id_764,11.270177183449107
id_765,20.70829071421023
id_766,13.07341147472072
id_767,17.69334228966361
id_768,24.300456445837806
id_769,5.962920469382151
id_770,7.505874504204523
id_771,28.12972236862376
id_772,11.618745733900964
id_773,9.733451906649
id_774,14.679634690778274
id_775,15.735454180949922
id_776,6.313220414858376
id_777,11.859317882618239
id_778,3.548035116454007
id_779,0.7617327905308269
id_780,15.712120931098212
id_781,9.326789011612531
id_782,29.35548610856217
id_783,15.557510410013993
id_784,16.64250781699674
id_785,10.249766717627043
id_786,8.326927596785994
id_787,15.025860032839919
id_788,8.319127183232283
id_789,6.100061727162897
id_790,20.50698363924792
id_791,15.974116630025671
id_792,8.13335614421386
id_793,5.382165543854965
id_794,23.286986738256097
id_795,3.1247945280721545
id_796,11.249987725242198
id_797,5.3715850254010284
id_798,14.633696527265656
id_799,3.1158436858835104
id_800,12.819571076934633
id_801,17.32424904264535
id_802,12.426157572441083
id_803,16.083276753693085
id_804,12.956958762946003
id_805,6.183756159103489
id_806,19.341487213329465
id_807,5.691571777599235
id_808,13.616184351666305
id_809,2.697464781652763
id_810,8.106835309403218
id_811,12.087572186488796
id_812,10.172624310333266
id_813,6.443593527264714
id_814,29.699507666858217
id_815,13.58061614294887
id_816,13.50622522225885
id_817,10.642191097756065
id_818,8.471960254689488
id_819,9.610599166977508
id_820,5.112106541471276
id_821,29.286637077913056
id_822,8.079997241063422
id_823,7.926570055831752
id_824,9.525228967718972
id_825,9.479361881189046
id_826,30.535445603636347
id_827,10.350958822630766
id_828,11.26206855726675
id_829,11.361141332422383
id_830,31.17659007911103
id_831,27.17592945960199
id_832,8.209285186838283
id_833,12.267481259067871
id_834,12.845536719891788
id_835,3.774381577222991
id_836,4.385557949921951
id_837,13.05147399841928
id_838,27.036622545816
id_839,6.386217680883633
id_840,24.436992447705705
id_841,22.276320886648378
id_842,8.849854896278131
id_843,14.758619171328629
id_844,14.213011655344324
id_845,10.20074281834731
id_846,15.297375347604762
id_847,29.025446566189714
id_848,14.81354415001094
id_849,21.96351259398589
id_850,12.939757559551609
id_851,19.954056688689946
id_852,7.789628957113792
id_853,7.466949071929773
id_854,32.71383889394345
id_855,16.702486163807464
id_856,9.539500119692118
id_857,6.023117946758786
id_858,25.223500081695956
id_859,7.916445900187404
id_860,15.791082068829693
id_861,20.67080674680883
id_862,10.105127994626704
id_863,14.498921183674078
id_864,16.908980075385955
id_865,16.13174380089131
id_866,9.555928153234706
id_867,28.143584185753504
id_868,9.861336806526621
id_869,10.613746846467613
id_870,6.418844684122267
id_871,21.832341085912333
id_872,11.94252707978288
id_873,12.799734731779374
id_874,21.184127079142215
id_875,23.139057074205336
id_876,16.3251674734982
id_877,10.014522720385747
id_878,23.649793029172393
id_879,22.529984067182273
id_880,18.314311952328417
id_881,21.111284895177548
id_882,39.19090484945108
id_883,12.050897330250365
id_884,12.657592192845456
id_885,32.39567954693683
id_886,7.63806120575721
id_887,24.785542279878662
id_888,27.299609600831097
id_889,4.71451362360375
id_890,14.717755546191551
id_891,9.434762175865472
id_892,13.326137726139827
id_893,8.697320656823765
id_894,27.34012135014805
id_895,3.757572161663647
id_896,17.433571724421977
id_897,17.91139490890523
id_898,9.125909239986042
id_899,10.51770315838242
id_900,12.080698892568478
id_901,21.803067156708998
id_902,11.009488912923032
id_903,4.355673552390633
id_904,16.420809896625023
id_905,9.895393610355733
id_906,14.21257260012447
id_907,20.051240319715507
id_908,8.982411009605888
id_909,12.980064133320077
id_910,3.9258307017959764
id_911,10.582686487866797
id_912,20.71913991772907
id_913,17.710992791525364
id_914,22.163720155298506
id_915,10.26466011256016
id_916,5.861971360798636
id_917,26.609155203788177
id_918,9.0494143202409
id_919,11.407445060310756
id_920,4.987913351714829
id_921,7.51077092256959
id_922,17.89041644843935
id_923,16.65363802195652
id_924,22.179557978345006
id_925,12.660074577707794
id_926,21.87927467081652
id_927,6.476535366571842
id_928,7.499316014414789
id_929,5.2899274156480836
id_930,30.97780182922337
id_931,15.686882059909546
id_932,16.004325390969594
id_933,15.383175834020664
id_934,12.081068799544923
id_935,25.42002223178265
id_936,8.102337464233864
id_937,6.885438128766191
id_938,11.223219494266608
id_939,17.24697815782717
id_940,16.690236521924852
id_941,15.11070650558327
id_942,7.081493304735815
id_943,12.459414109222873
id_944,7.086694178557281
id_945,9.586356150384617
id_946,10.382800848648458
id_947,26.596350031514838
id_948,10.278498693561207
id_949,20.76288928855014
id_950,6.514136646888495
id_951,12.317706944811892
id_952,9.50801706527128
id_953,5.052083035066324
id_954,16.84594086121735
id_955,32.12751783450358
id_956,6.679795444954394
id_957,16.1041441672776
id_958,12.397888333219367
id_959,14.097563447424506
id_960,10.552684850108836
id_961,8.882062564583993
id_962,4.015690559155857
id_963,9.420542447310217
id_964,16.7894567370502
id_965,6.996725846363965
id_966,11.078756751024251
id_967,13.68361678809014
id_968,24.146964338487074
id_969,21.834486584591183
id_970,15.898637422752511
id_971,18.062751955522753
id_972,50.787957973161426
id_973,14.12776691661217
id_974,27.523069095063704
id_975,24.013469137487682
id_976,17.900024308105678
id_977,11.729971983256213
id_978,7.380415083110504
id_979,25.650473092242727
id_980,6.549617218096094
id_981,8.144221229370334
id_982,11.727911357914945
id_983,3.348231864185341
id_984,11.8666887342158
id_985,7.754591507876262
id_986,14.685814577331694
id_987,10.017036987808087
id_988,10.069038532533785
id_989,8.00458311075132
id_990,17.45464601158738
id_991,12.197565269646077
id_992,17.456350703563334
id_993,13.450110003425182
id_994,12.09541678451954
id_995,8.945839202537638
id_996,8.834885246165726
id_997,5.482964651422194
id_998,26.081685742776443
id_999,18.766993500047608
id_1000,24.325395620978462
id_1001,7.93914356296384
id_1002,14.91310451754086
id_1003,13.722711571847118
id_1004,10.112222172921978
id_1005,16.098953426387496
id_1006,21.65946142114699
id_1007,6.775059257493473
id_1008,9.421940096300231
id_1009,1.708518919918486
id_1010,12.114110523047415
id_1011,12.638719657620209
id_1012,7.973796138236773
id_1013,7.332497912869281
id_1014,8.910276764083978
id_1015,6.6802736015488335
id_1016,8.645474919146476
id_1017,15.53514154724856
id_1018,7.3999448579829465
id_1019,11.783961569813798
id_1020,10.954325364379084
id_1021,7.764691781765539
id_1022,14.556455892406985
id_1023,5.511646499960326
id_1024,4.5889097271131805
id_1025,16.276290777091738
id_1026,18.409657507954872
id_1027,8.15527142267458
id_1028,8.37572458770438
id_1029,6.323381503239472
id_1030,7.2976717116055445
id_1031,23.684355015448894
id_1032,11.642228023548558
id_1033,7.663960952381132
id_1034,5.826218499118932
id_1035,2.2828567236617623
id_1036,15.649274634487545
id_1037,12.49930593720328
id_1038,2.962003316647462
id_1039,11.87129538818018
id_1040,9.137062054068776
id_1041,13.865048042115305
id_1042,14.089460001047023
id_1043,19.917727413812926
id_1044,11.620318579933626
id_1045,8.807486209093643
id_1046,4.920072593498174
id_1047,15.630492223869524
id_1048,11.102948479813534
id_1049,13.203405616881309
id_1050,8.660788308815533
id_1051,5.172105124600002
id_1052,21.118588451090137
id_1053,10.837989085932742
id_1054,10.427100097327962
id_1055,16.890529664553274
id_1056,11.815822235854341
id_1057,24.312290963267337
id_1058,10.074500335913342
id_1059,8.504018554276794
id_1060,11.049707737708069
id_1061,48.19306441600506
id_1062,48.35559354222772
id_1063,15.876607819747328
id_1064,6.37996310508035
id_1065,8.280041174052139
id_1066,9.567785593677378
id_1067,6.609615067758009
id_1068,8.006287892137125
id_1069,10.243458982682979
id_1070,19.339107573897838
id_1071,13.528808707478422
id_1072,25.503664771552344
id_1073,11.195181796462712
id_1074,8.268678016542708
id_1075,7.050776223075459
id_1076,16.387240208458323
id_1077,18.967475656779605
id_1078,12.256038786518214
id_1079,11.249672251815081
id_1080,11.84764544612005
id_1081,19.59497260623977
id_1082,4.328845507213553
id_1083,15.862422825082673
id_1084,14.963089270618804
id_1085,9.20153345020751
id_1086,10.59537658696944
id_1087,16.413922203520457
id_1088,9.444517558583371
id_1089,10.320226691298187
id_1090,10.56043072520242
id_1091,8.294391160135746
id_1092,13.417103921691364
id_1093,24.003897128619577
id_1094,16.149373626598084
id_1095,6.878937510855771
id_1096,21.796851497077686
id_1097,7.078733656635451
id_1098,14.101407423773777
id_1099,13.574794503293496
id_1100,11.64373909210948
id_1101,5.0300198147133495
id_1102,6.84966150852707
id_1103,5.328519401831261
id_1104,4.905544006184207
id_1105,16.23128409132961
id_1106,13.277371762306291
id_1107,26.588336938128265
id_1108,12.450068108923654
id_1109,4.213315478829318
id_1110,3.3582017427148427
id_1111,20.36565816156663
id_1112,13.46761428385631
id_1113,10.596729467265
id_1114,12.957764239713738
id_1115,27.437908802552496
id_1116,33.979518840103076
id_1117,8.811143350142899
id_1118,3.6422016600400617
id_1119,8.104462708238993
id_1120,21.3531200199715
id_1121,12.93447723279418
id_1122,23.208251855542844
id_1123,10.27442898500414
id_1124,11.60981774207445
id_1125,28.8832509975449
id_1126,14.221745356033509
id_1127,15.562629350544004
id_1128,19.760267863607943
id_1129,14.60739405503876
id_1130,15.149978105140839
id_1131,16.133035942777553
id_1132,14.700694922363583
id_1133,21.62004509340334
id_1134,10.841893811477803
id_1135,11.189092895858458
id_1136,11.542344863161851
id_1137,12.272311619314017
id_1138,26.94372150952796
id_1139,6.475461533214855
id_1140,14.941036958992825
id_1141,3.8619933428441966
id_1142,8.052962911842066
id_1143,17.249719147725934
id_1144,13.381943601294022
id_1145,17.49284633909791
id_1146,15.038691680842938
id_1147,27.23526009364449
id_1148,15.694697056448629
id_1149,4.172684253417499
id_1150,22.687900944752016
id_1151,18.34874345307167
id_1152,13.14180728728666
id_1153,11.757389574831313
id_1154,9.469105836886467
id_1155,17.89704456921745
id_1156,9.23715024451251
id_1157,8.875340561341126
id_1158,27.637192416501822
id_1159,16.232303738836308
id_1160,12.1226388752438
id_1161,11.15944845984163
id_1162,20.53371842581889
id_1163,10.686929177736554
id_1164,17.225930875139543
id_1165,6.472629741474481
id_1166,24.312250471403637
id_1167,8.582706269843111
id_1168,17.290431850416546
id_1169,19.004098170312414
id_1170,15.213790881924426
id_1171,5.9915184602637375
id_1172,8.081489071386507
id_1173,13.68996156973106
id_1174,28.410300858378584
id_1175,13.933122049668944
id_1176,11.743332196203822
id_1177,4.1119638109723535
id_1178,10.38926969549588
id_1179,9.160925842957864
id_1180,7.894725759777236
id_1181,6.221158174132938
id_1182,7.380644257659663
id_1183,4.343337513680802
id_1184,21.709171776771598
id_1185,13.023412962925326
id_1186,7.82332551998384
id_1187,17.993619352017518
id_1188,21.827074571032263
id_1189,10.405847807694702
id_1190,7.657896584096324
id_1191,16.045672542665834
id_1192,8.218883051472904
id_1193,25.28551995403555
id_1194,16.38643171571928
id_1195,27.583806773969265
id_1196,10.032971731124212
id_1197,7.76939940530739
id_1198,6.404011972959396
id_1199,4.690055404968532
id_1200,12.488314611100217
id_1201,7.325601271278809
id_1202,22.48611523569936
id_1203,3.9427403217637154
id_1204,27.44222766853825
id_1205,34.66658158515702
id_1206,17.68418738943431
id_1207,23.49323347504979
id_1208,26.53808230251217
id_1209,14.399307467720632
id_1210,86.0928316265456
id_1211,16.876466316436094
id_1212,13.186293415511374
id_1213,9.662183507630697
id_1214,12.611931615050569
id_1215,12.330825956588118
id_1216,8.941646641734707
id_1217,15.96197451283221
id_1218,9.98383636155393
id_1219,5.1911789575508855
id_1220,33.014955303999386
id_1221,6.190169266622936
id_1222,10.14166865855581
id_1223,15.84902691283585
id_1224,3.9627072313127396
id_1225,11.274989538253722
id_1226,14.666639432926083
id_1227,22.158584781266264
id_1228,11.172096498403466
id_1229,18.023381256108006
id_1230,12.289768582541955
id_1231,9.022010120059042
id_1232,16.348934230473937
id_1233,8.454095625716928
id_1234,17.402518345807117
id_1235,9.900715717436649
id_1236,9.611954793480256
id_1237,26.277485678222916
id_1238,14.125809930674913
id_1239,17.77874987028265
id_1240,20.01227294640356
id_1241,16.767463813766902
id_1242,9.282505193120464
id_1243,25.946748402522452
id_1244,8.197272623862283
id_1245,15.554163773310629
id_1246,9.89245572271324
id_1247,7.585907775860832
id_1248,8.934617598589933
id_1249,11.231210528400876
id_1250,3.7236013463596
id_1251,4.109168781389995
id_1252,41.431603086355096
id_1253,18.999174909556448
id_1254,3.086524953693484
id_1255,12.74533176112295
id_1256,7.966101832472493
id_1257,6.180844761036287
id_1258,16.019721041832327
id_1259,14.382017346408823
id_1260,14.1912022448129
id_1261,7.067463732869565
id_1262,3.919834657208411
id_1263,23.488576382042794
id_1264,9.228106986695023
id_1265,24.05275892855944
id_1266,19.904427841154302
id_1267,26.891057752742512
id_1268,9.905715037335323
id_1269,12.523595426314465
id_1270,22.942411686798977
id_1271,11.949133056735622
id_1272,6.997065698358139
id_1273,8.436841789393196
id_1274,8.451989111333049
id_1275,12.948287069221273
id_1276,10.985240475753717
id_1277,11.18719541869065
id_1278,9.551393065609904
id_1279,10.144818509948749
id_1280,9.819875670281093
id_1281,7.647438733827745
id_1282,13.752078958264864
id_1283,8.06069119772507
id_1284,12.757818304595475
id_1285,12.931430352846949
id_1286,26.922944931869505
id_1287,4.249744024123103
id_1288,10.437441314795043
id_1289,14.718079837800063
id_1290,6.463051340766501
id_1291,20.83356529768519
id_1292,5.7325644717189395
id_1293,6.982374107324563
id_1294,15.370387479851491
id_1295,14.96529666619878
id_1296,22.27610276143045
id_1297,13.480650376070095
id_1298,9.389567297653617
id_1299,20.069286815553138
id_1300,13.029627127815262
id_1301,3.6523789219398752
id_1302,23.610592722153967
id_1303,12.882875749150585
id_1304,21.166893350635792
id_1305,18.49604403851468
id_1306,10.46538653220901
id_1307,7.676051595030489
id_1308,10.995792174075092
id_1309,6.440296160623018
id_1310,10.804946382210819
id_1311,20.62284886323071
id_1312,15.705668199293584
id_1313,16.22888197842383
id_1314,8.689758077613204
id_1315,5.47362367029961
id_1316,13.024833293194463
id_1317,5.470220287541962
id_1318,16.761956067372918
id_1319,23.15724241744012
id_1320,5.560148432881043
id_1321,22.73063082797156
id_1322,18.744641510589
id_1323,27.376245780366055
id_1324,22.14570905783332
id_1325,24.518605030119698
id_1326,3.443712365640155
id_1327,12.416828976635355
id_1328,16.9881330784705
id_1329,8.89971332656685
id_1330,-2.61833492465098
id_1331,14.668473931745694
id_1332,12.451724795871357
id_1333,15.957330439980074
id_1334,13.573846888334229
id_1335,12.477017262481242
id_1336,15.511093334966144
id_1337,13.640146840610196
id_1338,19.94934878364537
id_1339,4.497450291506394
id_1340,16.344464795835115
id_1341,15.092654955422013
id_1342,22.10463934073171
id_1343,17.020765134464444
id_1344,11.868434564325302
id_1345,9.453392710985227
id_1346,8.837767519651823
id_1347,5.394631202910279
id_1348,24.894152576225277
id_1349,15.34547374905922
id_1350,10.440879134896011
id_1351,7.328126191414743
id_1352,5.070942868284113
id_1353,11.253058456719613
id_1354,12.534922844302642
id_1355,28.022019741402303
id_1356,11.519067549888012
id_1357,5.795538798383426
id_1358,4.445030465146537
id_1359,8.100079279898438
id_1360,23.421207948094626
id_1361,13.865900246406895
id_1362,7.6770547608277635
id_1363,10.560157813361528
id_1364,10.491615477493145
id_1365,2.7701259013393136
id_1366,11.859815794852143
id_1367,17.3481690563543
id_1368,8.636329869975528
id_1369,15.49922053158705
id_1370,5.3589262767234676
id_1371,13.458624446507878
id_1372,15.882706651832198
id_1373,14.897183916762302
id_1374,10.709426533577911
id_1375,13.47008684712652
id_1376,12.004877948891338
id_1377,6.580795473823323
id_1378,20.837613379874156
id_1379,26.757790555496655
id_1380,6.213264969542269
id_1381,5.3907619786248056
id_1382,16.62830891587222
id_1383,16.966170282845553
id_1384,10.76665407678417
id_1385,13.268578632673316
id_1386,8.344111113649195
id_1387,26.632989137677495
id_1388,13.849246979962505
id_1389,3.2664080174599532
id_1390,5.489795036543356
id_1391,6.777086438354759
id_1392,7.49183960824552
id_1393,2.9541945797521274
id_1394,11.272086030047806
id_1395,15.3185462684791
id_1396,19.08404704387938
id_1397,8.21945406579753
id_1398,7.3511592641073396
id_1399,15.587814582794598
id_1400,12.098725974217382
id_1401,18.30939037180742
id_1402,16.89782633418046
id_1403,8.586027323541815
id_1404,43.08440224377254
id_1405,4.157123069859976
id_1406,13.591708783741478
id_1407,4.070498417306123
id_1408,6.583259140639667
id_1409,14.132360739520061
id_1410,14.661456077992224
id_1411,19.28781868308048
id_1412,5.66963280003789
id_1413,14.073384972885592
id_1414,12.92588611255053
id_1415,10.663513215299506
id_1416,15.806592231921938
id_1417,10.179096444059168
id_1418,17.657591074172522
id_1419,9.567068085100537
id_1420,19.613819001649432
id_1421,32.89941638287417
id_1422,24.826008773963625
id_1423,5.641075033978657
id_1424,7.560268748784662
id_1425,13.545512965563415
id_1426,12.014339291399775
id_1427,12.150553519081647
id_1428,7.979505581564747
id_1429,7.421843532925685
id_1430,10.344551877509714
id_1431,17.368016984041624
id_1432,3.5307639621931144
id_1433,11.033137415025575
id_1434,7.945656266284542
id_1435,5.013305665392539
id_1436,9.328395455224051
id_1437,9.713658906886312
id_1438,8.006007575817772
id_1439,14.70451818588378
id_1440,10.099702418965496
id_1441,25.687668783872994
id_1442,4.851653690274258
id_1443,4.27203261325785
id_1444,5.480087282596796
id_1445,7.865696404888981
